{"input": 112, "mean": [0.485, 0.456, 0.406], "std": [0.229, 0.224, 0.225], "tc_hi": 0.9519512653350831, "tc_maybe": 0.7861909547738695, "corner_size": 0.42, "corner_yc": 0.05, "corner_out": 0.06}